{"stats":{"minecraft:used":{"minecraft:cooked_mutton":2,"minecraft:iron_shovel":43,"minecraft:stone_sword":34,"minecraft:birch_planks":60,"minecraft:stone_pickaxe":100,"minecraft:stone_shovel":105,"minecraft:ladder":5,"minecraft:oak_planks":352,"minecraft:chest":6,"minecraft:wooden_pickaxe":15,"minecraft:shield":7,"minecraft:stone":140,"minecraft:iron_sword":129,"minecraft:cooked_salmon":3,"minecraft:wooden_shovel":40,"minecraft:cooked_chicken":4,"minecraft:jungle_boat":4,"minecraft:torch":58,"minecraft:dirt":253,"minecraft:crafting_table":16,"minecraft:jungle_planks":11,"minecraft:white_bed":3,"minecraft:wooden_axe":83,"minecraft:iron_axe":327,"minecraft:iron_pickaxe":198,"minecraft:jungle_log":3,"minecraft:stone_axe":124,"minecraft:cobblestone":155,"minecraft:furnace":4,"minecraft:cooked_beef":10,"minecraft:pumpkin":3},"minecraft:killed_by":{"minecraft:zombie":2},"minecraft:crafted":{"minecraft:cooked_beef":12,"minecraft:oak_planks":644,"minecraft:wooden_shovel":1,"minecraft:stone_shovel":1,"minecraft:cooked_porkchop":3,"minecraft:crafting_table":7,"minecraft:jungle_boat":1,"minecraft:cooked_chicken":4,"minecraft:iron_helmet":1,"minecraft:wooden_pickaxe":2,"minecraft:iron_sword":1,"minecraft:furnace":3,"minecraft:stone":128,"minecraft:birch_planks":144,"minecraft:stone_axe":2,"minecraft:air":0,"minecraft:jungle_planks":48,"minecraft:iron_boots":1,"minecraft:iron_chestplate":1,"minecraft:iron_axe":2,"minecraft:ladder":9,"minecraft:stick":92,"minecraft:iron_pickaxe":1,"minecraft:stone_pickaxe":4,"minecraft:wooden_axe":5,"minecraft:stone_sword":1,"minecraft:chest":8,"minecraft:iron_leggings":1,"minecraft:white_bed":1,"minecraft:torch":60},"minecraft:killed":{"minecraft:pig":1,"minecraft:spider":3,"minecraft:skeleton":5,"minecraft:sheep":1,"minecraft:zombie":2,"minecraft:chicken":5,"minecraft:cow":7},"minecraft:picked_up":{"minecraft:wooden_axe":1,"minecraft:birch_log":36,"minecraft:crafting_table":10,"minecraft:jungle_boat":3,"minecraft:feather":6,"minecraft:cooked_beef":8,"minecraft:chicken":5,"minecraft:andesite":1,"minecraft:jungle_log":107,"minecraft:leather":8,"minecraft:birch_planks":39,"minecraft:oak_log":173,"minecraft:shield":1,"minecraft:dirt":255,"minecraft:string":2,"minecraft:cooked_salmon":5,"minecraft:cooked_mutton":4,"minecraft:iron_shovel":1,"minecraft:bone":9,"minecraft:apple":6,"minecraft:wheat_seeds":6,"minecraft:iron_ingot":33,"minecraft:beef":12,"minecraft:cooked_chicken":1,"minecraft:sugar_cane":32,"minecraft:chest":4,"minecraft:birch_sapling":4,"minecraft:oak_planks":33,"minecraft:furnace":3,"minecraft:egg":4,"minecraft:stick":17,"minecraft:raw_iron":3,"minecraft:stone":12,"minecraft:pumpkin":25,"minecraft:torch":4,"minecraft:porkchop":3,"minecraft:jungle_planks":4,"minecraft:white_bed":2,"minecraft:spider_eye":4,"minecraft:arrow":14,"minecraft:rotten_flesh":6,"minecraft:oak_sapling":61,"minecraft:mutton":2,"minecraft:coal":101,"minecraft:white_wool":4,"minecraft:cobblestone":352},"minecraft:broken":{"minecraft:iron_axe":1},"minecraft:mined":{"minecraft:white_bed":2,"minecraft:jungle_leaves":4,"minecraft:crafting_table":10,"minecraft:torch":2,"minecraft:short_grass":46,"minecraft:grass_block":182,"minecraft:jungle_planks":5,"minecraft:chest":4,"minecraft:jungle_log":111,"minecraft:tall_grass":2,"minecraft:cobblestone":46,"minecraft:oak_planks":19,"minecraft:sugar_cane":6,"minecraft:wall_torch":9,"minecraft:birch_planks":54,"minecraft:furnace":3,"minecraft:birch_log":36,"minecraft:iron_ore":3,"minecraft:birch_leaves":24,"minecraft:andesite":1,"minecraft:pumpkin":14,"minecraft:peony":2,"minecraft:coal_ore":60,"minecraft:oak_log":174,"minecraft:vine":6,"minecraft:sand":2,"minecraft:dirt":69,"minecraft:stone":187,"minecraft:oak_leaves":151,"minecraft:fern":3},"minecraft:dropped":{"minecraft:wheat_seeds":6,"minecraft:birch_planks":1,"minecraft:cooked_beef":4,"minecraft:cooked_chicken":1,"minecraft:rotten_flesh":1,"minecraft:feather":2,"minecraft:birch_sapling":4,"minecraft:cobblestone":1,"minecraft:cooked_mutton":2,"minecraft:dirt":1,"minecraft:wooden_axe":2,"minecraft:spider_eye":2,"minecraft:arrow":11},"minecraft:custom":{"minecraft:interact_with_furnace":29,"minecraft:mob_kills":25,"minecraft:interact_with_crafting_table":27,"minecraft:leave_game":10,"minecraft:time_since_death":231001,"minecraft:sleep_in_bed":1,"minecraft:climb_one_cm":11729,"minecraft:time_since_rest":163963,"minecraft:sprint_one_cm":323642,"minecraft:damage_taken":1721,"minecraft:walk_one_cm":565179,"minecraft:damage_blocked_by_shield":183,"minecraft:drop":19,"minecraft:damage_dealt":3135,"minecraft:swim_one_cm":5412,"minecraft:fly_one_cm":96300,"minecraft:open_chest":18,"minecraft:play_time":253712,"minecraft:crouch_one_cm":60701,"minecraft:sneak_time":18716,"minecraft:deaths":2,"minecraft:walk_under_water_one_cm":18818,"minecraft:boat_one_cm":234498,"minecraft:jump":1797,"minecraft:walk_on_water_one_cm":41395,"minecraft:total_world_time":253712,"minecraft:fall_one_cm":28761}},"DataVersion":3700}