{"stats":{"minecraft:custom":{"minecraft:jump":18,"minecraft:time_since_rest":94,"minecraft:leave_game":1,"minecraft:crouch_one_cm":589,"minecraft:deaths":1,"minecraft:sprint_one_cm":2416,"minecraft:play_time":902,"minecraft:damage_taken":226,"minecraft:time_since_death":0,"minecraft:walk_one_cm":1080,"minecraft:sneak_time":86,"minecraft:total_world_time":902,"minecraft:fall_one_cm":418,"minecraft:fly_one_cm":6712},"minecraft:mined":{"minecraft:crafting_table":1},"minecraft:picked_up":{"minecraft:stick":2,"minecraft:crafting_table":1},"minecraft:killed_by":{"minecraft:zombie":1}},"DataVersion":3700}