{"stats":{"minecraft:used":{"minecraft:stone_sword":28,"minecraft:chest":13,"minecraft:shield":51,"minecraft:iron_sword":149,"minecraft:cooked_salmon":13,"minecraft:cooked_chicken":4,"minecraft:rotten_flesh":3,"minecraft:torch":92,"minecraft:dirt":23,"minecraft:mutton":5,"minecraft:wooden_axe":25,"minecraft:iron_axe":139,"minecraft:birch_sapling":2,"minecraft:beef":5,"minecraft:furnace":6,"minecraft:cooked_beef":3,"minecraft:wheat_seeds":8,"minecraft:cooked_mutton":6,"minecraft:water_bucket":46,"minecraft:diorite":2,"minecraft:birch_planks":358,"minecraft:stone_pickaxe":127,"minecraft:oak_planks":16,"minecraft:wooden_pickaxe":28,"minecraft:sugar_cane":3,"minecraft:salmon":1,"minecraft:white_wool":7,"minecraft:crafting_table":10,"minecraft:white_bed":7,"minecraft:birch_fence":21,"minecraft:wooden_hoe":8,"minecraft:iron_pickaxe":250,"minecraft:stone_axe":115,"minecraft:wooden_sword":59,"minecraft:cobblestone":125,"minecraft:porkchop":16,"minecraft:cooked_porkchop":3,"minecraft:bucket":47,"minecraft:birch_log":18,"minecraft:andesite":4,"minecraft:oak_boat":3,"minecraft:birch_stairs":15},"minecraft:crafted":{"minecraft:wooden_sword":2,"minecraft:oak_planks":44,"minecraft:cooked_chicken":3,"minecraft:furnace":3,"minecraft:bone_meal":3,"minecraft:cooked_mutton":6,"minecraft:iron_boots":1,"minecraft:iron_axe":1,"minecraft:stone_pickaxe":1,"minecraft:chest":2,"minecraft:cooked_beef":3,"minecraft:cooked_porkchop":3,"minecraft:crafting_table":1,"minecraft:wooden_pickaxe":1,"minecraft:iron_helmet":1,"minecraft:iron_sword":1,"minecraft:cooked_salmon":33,"minecraft:bucket":1,"minecraft:birch_planks":392,"minecraft:stone_axe":1,"minecraft:air":0,"minecraft:oak_boat":1,"minecraft:iron_chestplate":1,"minecraft:wooden_hoe":2,"minecraft:shield":2,"minecraft:birch_fence":18,"minecraft:stick":52,"minecraft:iron_ingot":28,"minecraft:iron_pickaxe":2,"minecraft:wooden_axe":1,"minecraft:stone_sword":1,"minecraft:iron_shovel":1,"minecraft:iron_leggings":1,"minecraft:white_bed":1,"minecraft:torch":12,"minecraft:birch_stairs":12},"minecraft:killed":{"minecraft:cave_spider":2,"minecraft:spider":4,"minecraft:skeleton":3,"minecraft:bee":1,"minecraft:chicken":4,"minecraft:pig":10,"minecraft:salmon":34,"minecraft:creeper":1,"minecraft:sheep":7,"minecraft:zombie":15,"minecraft:cow":4,"minecraft:enderman":2},"minecraft:picked_up":{"minecraft:wooden_axe":2,"minecraft:crafting_table":9,"minecraft:chicken":4,"minecraft:wooden_pickaxe":2,"minecraft:string":2,"minecraft:wooden_sword":4,"minecraft:iron_shovel":1,"minecraft:birch_fence":3,"minecraft:beef":8,"minecraft:oak_boat":5,"minecraft:sugar_cane":10,"minecraft:chest":11,"minecraft:birch_sapling":19,"minecraft:furnace":3,"minecraft:egg":6,"minecraft:raw_iron":35,"minecraft:stick":24,"minecraft:torch":85,"minecraft:porkchop":19,"minecraft:diorite":5,"minecraft:stone_sword":2,"minecraft:arrow":5,"minecraft:rotten_flesh":10,"minecraft:mutton":11,"minecraft:white_wool":15,"minecraft:cobblestone":400,"minecraft:birch_log":116,"minecraft:feather":12,"minecraft:salmon":34,"minecraft:leather":18,"minecraft:birch_planks":107,"minecraft:oak_log":11,"minecraft:lapis_lazuli":11,"minecraft:dirt":63,"minecraft:wooden_hoe":1,"minecraft:bone":5,"minecraft:bow":1,"minecraft:wheat_seeds":11,"minecraft:iron_ingot":32,"minecraft:stone_pickaxe":2,"minecraft:cooked_chicken":1,"minecraft:oak_planks":7,"minecraft:dandelion":1,"minecraft:gravel":1,"minecraft:birch_stairs":3,"minecraft:white_bed":6,"minecraft:spider_eye":2,"minecraft:granite":4,"minecraft:bone_meal":1,"minecraft:coal":80,"minecraft:netherrack":25,"minecraft:ender_pearl":1},"minecraft:broken":{"minecraft:stone_axe":1,"minecraft:iron_pickaxe":1},"minecraft:mined":{"minecraft:white_bed":5,"minecraft:granite":4,"minecraft:grass_block":12,"minecraft:tall_seagrass":2,"minecraft:furnace":3,"minecraft:iron_ore":33,"minecraft:stone":272,"minecraft:white_wool":7,"minecraft:birch_stairs":1,"minecraft:kelp_plant":1,"minecraft:crafting_table":9,"minecraft:torch":5,"minecraft:short_grass":61,"minecraft:chest":11,"minecraft:cobblestone":23,"minecraft:lapis_ore":2,"minecraft:oak_planks":7,"minecraft:sugar_cane":4,"minecraft:diorite":3,"minecraft:wall_torch":4,"minecraft:birch_planks":105,"minecraft:birch_log":116,"minecraft:birch_leaves":3,"minecraft:coal_ore":61,"minecraft:oak_log":10,"minecraft:gravel":1,"minecraft:dirt":17,"minecraft:oak_leaves":5,"minecraft:birch_fence":3,"minecraft:fern":1},"minecraft:dropped":{"minecraft:iron_ingot":2,"minecraft:wheat_seeds":3,"minecraft:cobblestone":122,"minecraft:leather":3,"minecraft:coal":15,"minecraft:dirt":9,"minecraft:torch":5,"minecraft:cooked_salmon":5,"minecraft:iron_shovel":2,"minecraft:string":2,"minecraft:white_wool":4,"minecraft:bone":4,"minecraft:birch_sapling":9,"minecraft:rotten_flesh":7,"minecraft:shield":1,"minecraft:andesite":95,"minecraft:spider_eye":2,"minecraft:netherrack":25},"minecraft:custom":{"minecraft:mob_kills":88,"minecraft:interact_with_crafting_table":34,"minecraft:leave_game":2,"minecraft:time_since_death":221943,"minecraft:climb_one_cm":5037,"minecraft:sprint_one_cm":639129,"minecraft:walk_one_cm":452272,"minecraft:damage_blocked_by_shield":1235,"minecraft:drop":46,"minecraft:play_time":221943,"minecraft:sneak_time":13180,"minecraft:walk_under_water_one_cm":40426,"minecraft:boat_one_cm":212766,"minecraft:jump":2895,"minecraft:walk_on_water_one_cm":87884,"minecraft:total_world_time":221943,"minecraft:interact_with_furnace":64,"minecraft:sleep_in_bed":11,"minecraft:time_since_rest":109699,"minecraft:damage_taken":1792,"minecraft:damage_dealt":8958,"minecraft:swim_one_cm":81526,"minecraft:fly_one_cm":350121,"minecraft:open_chest":49,"minecraft:crouch_one_cm":36433,"minecraft:fall_one_cm":41599}},"DataVersion":3700}