{"stats":{"minecraft:used":{"minecraft:stone_sword":45,"minecraft:flint_and_steel":5,"minecraft:stone_shovel":20,"minecraft:chest":4,"minecraft:shield":29,"minecraft:iron_sword":193,"minecraft:cooked_salmon":5,"minecraft:cooked_chicken":5,"minecraft:stone_hoe":60,"minecraft:netherrack":59,"minecraft:torch":151,"minecraft:soul_sand":2,"minecraft:dirt":308,"minecraft:anvil":1,"minecraft:white_carpet":3,"minecraft:granite":22,"minecraft:obsidian":10,"minecraft:lava_bucket":1,"minecraft:jungle_log":6,"minecraft:bow":15,"minecraft:oak_sapling":9,"minecraft:furnace":19,"minecraft:cooked_beef":12,"minecraft:cobbled_deepslate":29,"minecraft:pointed_dripstone":3,"minecraft:cooked_mutton":4,"minecraft:wheat_seeds":105,"minecraft:water_bucket":37,"minecraft:diorite":17,"minecraft:amethyst_block":9,"minecraft:birch_wood":15,"minecraft:stone_pickaxe":117,"minecraft:wooden_pickaxe":4,"minecraft:cauldron":1,"minecraft:sugar_cane":95,"minecraft:diamond_axe":416,"minecraft:jungle_boat":2,"minecraft:white_wool":2,"minecraft:crafting_table":10,"minecraft:white_bed":4,"minecraft:shears":21,"minecraft:oak_log":31,"minecraft:diamond_pickaxe":1128,"minecraft:apple":2,"minecraft:diamond_shovel":709,"minecraft:iron_pickaxe":501,"minecraft:bread":14,"minecraft:stone_axe":69,"minecraft:cobblestone":167,"minecraft:white_banner":1,"minecraft:cooked_porkchop":2,"minecraft:andesite":28,"minecraft:bucket":39,"minecraft:birch_log":82,"minecraft:bone_meal":9},"minecraft:killed_by":{"minecraft:zombie":1},"minecraft:crafted":{"minecraft:birch_wood":15,"minecraft:stone_shovel":1,"minecraft:cooked_chicken":5,"minecraft:furnace":9,"minecraft:stone":52,"minecraft:bone_meal":9,"minecraft:diamond_shovel":1,"minecraft:white_carpet":3,"minecraft:cooked_mutton":4,"minecraft:glass":1,"minecraft:bow":1,"minecraft:iron_boots":1,"minecraft:stone_pickaxe":1,"minecraft:chest":4,"minecraft:stone_hoe":1,"minecraft:stone_bricks":52,"minecraft:cooked_beef":16,"minecraft:diamond_sword":1,"minecraft:arrow":16,"minecraft:cauldron":1,"minecraft:cooked_porkchop":2,"minecraft:diamond_axe":1,"minecraft:crafting_table":2,"minecraft:jungle_boat":1,"minecraft:iron_helmet":1,"minecraft:wooden_pickaxe":1,"minecraft:iron_sword":1,"minecraft:cooked_salmon":14,"minecraft:birch_planks":52,"minecraft:bucket":1,"minecraft:stone_axe":1,"minecraft:air":0,"minecraft:bread":7,"minecraft:jungle_planks":92,"minecraft:iron_chestplate":1,"minecraft:diamond_pickaxe":1,"minecraft:shield":1,"minecraft:stick":60,"minecraft:iron_ingot":138,"minecraft:iron_pickaxe":2,"minecraft:iron_block":3,"minecraft:stone_sword":1,"minecraft:iron_leggings":1,"minecraft:gold_ingot":30,"minecraft:anvil":1,"minecraft:white_bed":1,"minecraft:torch":184,"minecraft:shears":1},"minecraft:killed":{"minecraft:cave_spider":1,"minecraft:spider":7,"minecraft:skeleton":15,"minecraft:chicken":6,"minecraft:drowned":1,"minecraft:pig":2,"minecraft:salmon":16,"minecraft:creeper":8,"minecraft:sheep":2,"minecraft:pillager":2,"minecraft:zombie":29,"minecraft:ghast":1,"minecraft:cow":6},"minecraft:picked_up":{"minecraft:crafting_table":8,"minecraft:wheat":54,"minecraft:chicken":6,"minecraft:clay_ball":4,"minecraft:wooden_pickaxe":1,"minecraft:gold_block":2,"minecraft:amethyst_block":86,"minecraft:string":16,"minecraft:raw_copper":33,"minecraft:cooked_salmon":1,"minecraft:gold_nugget":79,"minecraft:cobbled_deepslate":60,"minecraft:beef":16,"minecraft:calcite":48,"minecraft:poppy":1,"minecraft:sugar_cane":218,"minecraft:birch_sapling":43,"minecraft:furnace":10,"minecraft:egg":1,"minecraft:stick":38,"minecraft:raw_iron":150,"minecraft:torch":27,"minecraft:porkchop":2,"minecraft:fire_charge":2,"minecraft:pointed_dripstone":3,"minecraft:diorite":32,"minecraft:redstone":59,"minecraft:arrow":17,"minecraft:rotten_flesh":33,"minecraft:obsidian":10,"minecraft:mutton":4,"minecraft:bone_block":12,"minecraft:rail":1,"minecraft:white_wool":11,"minecraft:cobblestone":725,"minecraft:birch_log":264,"minecraft:birch_leaves":21,"minecraft:jungle_boat":3,"minecraft:feather":4,"minecraft:cooked_beef":4,"minecraft:andesite":238,"minecraft:water_bucket":1,"minecraft:salmon":15,"minecraft:jungle_log":42,"minecraft:leather":7,"minecraft:birch_planks":8,"minecraft:flint":2,"minecraft:tuff":1,"minecraft:oak_log":37,"minecraft:gunpowder":8,"minecraft:lapis_lazuli":84,"minecraft:dirt":628,"minecraft:white_banner":1,"minecraft:cooked_mutton":2,"minecraft:bone":13,"minecraft:apple":3,"minecraft:wheat_seeds":169,"minecraft:birch_wood":1,"minecraft:raw_gold":12,"minecraft:iron_ingot":2,"minecraft:stone_pickaxe":1,"minecraft:soul_sand":10,"minecraft:smooth_basalt":3,"minecraft:quartz":46,"minecraft:gravel":32,"minecraft:sand":25,"minecraft:jungle_planks":25,"minecraft:amethyst_shard":148,"minecraft:white_bed":3,"minecraft:spider_eye":2,"minecraft:diamond":18,"minecraft:stone_axe":1,"minecraft:granite":138,"minecraft:oak_sapling":9,"minecraft:netherrack":123,"minecraft:coal":205},"minecraft:broken":{"minecraft:stone_pickaxe":1,"minecraft:iron_pickaxe":2},"minecraft:mined":{"minecraft:nether_gold_ore":22,"minecraft:diamond_ore":3,"minecraft:tuff":1,"minecraft:white_bed":4,"minecraft:oak_sapling":1,"minecraft:deepslate_diamond_ore":15,"minecraft:jungle_leaves":1,"minecraft:obsidian":10,"minecraft:granite":138,"minecraft:grass_block":536,"minecraft:jungle_log":29,"minecraft:tall_seagrass":4,"minecraft:magma_block":2,"minecraft:redstone_ore":12,"minecraft:furnace":10,"minecraft:iron_ore":124,"minecraft:cobbled_deepslate":15,"minecraft:fire":7,"minecraft:andesite":139,"minecraft:deepslate_lapis_ore":5,"minecraft:gold_block":2,"minecraft:pointed_dripstone":3,"minecraft:vine":3,"minecraft:deepslate_iron_ore":24,"minecraft:rail":1,"minecraft:stone":649,"minecraft:bone_block":12,"minecraft:white_wool":2,"minecraft:deepslate_redstone_ore":1,"minecraft:amethyst_cluster":37,"minecraft:soul_sand":10,"minecraft:crimson_nylium":2,"minecraft:soul_fire":14,"minecraft:clay":8,"minecraft:crafting_table":8,"minecraft:torch":13,"minecraft:short_grass":113,"minecraft:calcite":43,"minecraft:birch_wood":1,"minecraft:nether_quartz_ore":46,"minecraft:copper_ore":10,"minecraft:tall_grass":5,"minecraft:cobblestone":33,"minecraft:deepslate_gold_ore":7,"minecraft:lapis_ore":8,"minecraft:sugar_cane":122,"minecraft:diorite":29,"minecraft:amethyst_block":83,"minecraft:wall_torch":4,"minecraft:birch_sapling":1,"minecraft:seagrass":4,"minecraft:birch_planks":6,"minecraft:birch_log":263,"minecraft:wheat":55,"minecraft:birch_leaves":82,"minecraft:oak_log":37,"minecraft:coal_ore":67,"minecraft:gravel":29,"minecraft:dirt":140,"minecraft:sand":34,"minecraft:smooth_basalt":2,"minecraft:cobweb":9,"minecraft:netherrack":109,"minecraft:gold_ore":5,"minecraft:oak_leaves":26,"minecraft:deepslate":63,"minecraft:fern":2},"minecraft:dropped":{"minecraft:water_bucket":1,"minecraft:iron_ingot":64,"minecraft:iron_sword":1,"minecraft:wheat_seeds":2,"minecraft:cooked_beef":8,"minecraft:apple":1,"minecraft:stick":17,"minecraft:dirt":4,"minecraft:diorite":4,"minecraft:torch":64,"minecraft:fire_charge":2,"minecraft:sand":5,"minecraft:jungle_boat":1,"minecraft:birch_log":1,"minecraft:white_wool":1,"minecraft:smooth_basalt":3,"minecraft:bone":3,"minecraft:gravel":22,"minecraft:iron_nugget":7,"minecraft:cobbled_deepslate":1,"minecraft:stone_sword":1,"minecraft:tuff":1,"minecraft:stone_shovel":1,"minecraft:chicken":1,"minecraft:rotten_flesh":7,"minecraft:clay_ball":4,"minecraft:cooked_mutton":2,"minecraft:poppy":1,"minecraft:andesite":4,"minecraft:spider_eye":1,"minecraft:wooden_pickaxe":1,"minecraft:netherrack":33,"minecraft:egg":1},"minecraft:custom":{"minecraft:mob_kills":96,"minecraft:animals_bred":11,"minecraft:interact_with_crafting_table":61,"minecraft:leave_game":6,"minecraft:time_since_death":357905,"minecraft:climb_one_cm":2152,"minecraft:sprint_one_cm":666286,"minecraft:walk_one_cm":796922,"minecraft:damage_blocked_by_shield":844,"minecraft:drop":52,"minecraft:play_time":389291,"minecraft:sneak_time":8534,"minecraft:deaths":1,"minecraft:walk_under_water_one_cm":41419,"minecraft:boat_one_cm":81078,"minecraft:jump":5215,"minecraft:walk_on_water_one_cm":97495,"minecraft:total_world_time":389291,"minecraft:interact_with_furnace":167,"minecraft:sleep_in_bed":16,"minecraft:time_since_rest":20590,"minecraft:damage_taken":1724,"minecraft:damage_dealt":13151,"minecraft:swim_one_cm":79872,"minecraft:fly_one_cm":941941,"minecraft:open_chest":99,"minecraft:crouch_one_cm":23941,"minecraft:fall_one_cm":84053,"minecraft:use_cauldron":1}},"DataVersion":3700}